split,period_level,transaction_year,rows,actual_mean,actual_median,predicted_mean,predicted_median,mean_residual_prediction_minus_actual,mae,transaction_quarter
train,year,1990,12505,68086.14226309476,52500.0,69281.41357743605,51367.28544431618,1195.2713143412875,8258.768468918743,
train,year,1991,12855,73588.93893426683,57000.0,73693.10354395743,54606.02126805292,104.1646096906147,9790.702925246524,
train,year,1992,14503,84372.6357305385,64000.0,80800.18826974597,61221.29476397113,-3572.4474607925417,13853.197737118538,
train,year,1993,18116,132807.7197504968,103000.0,135175.78225907928,106768.11977442962,2368.0625085824936,17528.607672966355,
train,year,1994,26373,172619.5299359193,152000.0,172349.29997834036,146176.98284436547,-270.229957578956,15877.328702522389,
train,year,1995,27289,212122.10322840704,188000.0,213741.79194579483,189051.65168111553,1619.6887173878029,14790.683446272615,
train,year,1996,34919,279282.3377530857,248000.0,276209.8494256418,253852.00703953474,-3072.4883274439094,18968.174288906313,
train,year,1997,31759,308213.91854277527,290000.0,304849.94609583245,294358.49717387854,-3363.9724469428015,16028.166595939885,
train,year,1998,51095,257637.9121636168,240000.0,257218.52434044197,238938.42226591756,-419.3878231748319,11565.94873860663,
train,year,1999,57782,252302.74052473088,236000.0,252932.9751237348,234338.66491139072,630.2345990039188,12332.624069467958,
train,year,2000,34862,258056.8363341174,239000.0,254599.49409945347,237120.2546153576,-3457.3422346638836,12595.566811992741,
train,year,2001,38055,243469.59989725397,225000.0,243186.05807447282,225213.33641031286,-283.5418227811696,11336.08459126212,
train,year,2002,36098,234834.02845116073,215000.0,235382.1136211473,220767.2060478509,548.0851699865636,11732.452994604839,
train,year,2003,29003,231343.0078457401,217000.0,230669.24614585892,217010.53669490153,-673.761699881161,13986.262053939201,
train,year,2004,29112,235169.37321379498,223500.0,230940.09041706735,219717.25842218735,-4229.282796727663,17763.170135793076,
train,year,2005,30045,234165.10774771177,225000.0,234506.1797929345,224038.19888878585,341.0720452227613,16003.856157042583,
train,year,2006,27427,236079.49280453566,228000.0,237810.00917804023,225556.73141296796,1730.5163735045423,13321.34870503156,
train,year,2007,26982,262276.6086201912,250000.0,259280.73037340504,243990.0061382476,-2995.8782467862043,17611.30929786132,
train,year,2008,27262,317141.8734091409,305000.0,317370.6439804886,305974.2082655935,228.77057134763277,20418.28280697437,
train,year,2009,30482,337913.305578046,330000.0,338513.3825853326,331269.4916437376,600.0770072865214,17916.284624125343,
train,year,2010,34854,379939.44006541575,365944.0,380477.7237485593,372358.36119892116,538.2836831435349,20474.000486412617,
train,year,2011,22281,425382.29789910687,410000.0,425834.20813921053,415865.00887129316,451.91024010365715,20009.760132515887,
train,year,2012,23198,461492.566305716,445000.0,459019.3066078911,448583.7448339553,-2473.259697824924,20501.31211040521,
train,year,2013,16097,476441.00791638193,455000.0,466527.60977905715,453697.20715123974,-9913.39813732478,22746.56846021258,
train,year,2014,16096,442716.0500316849,420000.0,442357.3762832878,423557.4269420863,-358.673748397094,22165.150256232857,
train,year,2015,17780,434709.55795950507,405000.0,433776.8569452886,410239.66636232624,-932.7010142164871,23532.47695422651,
train,year,2016,19373,438838.9645589222,410000.0,436448.3361200655,413125.70590607653,-2390.6284388567146,24010.441940456032,
train,year,2017,20509,443888.5205714564,410000.0,442276.5818967095,416777.7712965806,-1611.9386747468914,25405.974548296006,
train,year,2018,21561,441282.06370344607,408000.0,439922.52494305396,412390.18776783015,-1359.5387603921101,26667.086352582734,
train,year,2019,22186,432137.9129018299,400000.0,433018.0880881259,408893.3922795381,880.1751862959628,25845.035154272224,
train,year,2020,23333,452279.38497064245,425000.0,450587.04933032574,426784.76786140195,-1692.3356403166742,25347.633742777543,
train,year,2021,29087,511381.2390012721,483000.0,508391.2983952176,488642.5946916008,-2989.9406060544334,26610.885401722826,
train,year,2022,26720,549714.3307151946,525000.0,542629.6219583108,526472.6927001129,-7084.708756883777,27481.95057141122,
train,quarter,1990,3588,66348.82357859531,52000.0,66502.47316683197,49993.68193613692,153.64958823664557,7746.301862357655,1.0
train,quarter,1990,2649,66757.55228388071,50000.0,67011.81983440176,49855.88274072956,254.26755052104855,7814.7447662049035,2.0
train,quarter,1990,3348,69108.54898446833,54000.0,71109.53233867393,53145.06520408708,2000.98335420559,8543.669913315442,3.0
train,quarter,1990,2920,70253.92191780821,56000.0,72658.96508631307,54283.7213954232,2405.043168504844,8964.62426925778,4.0
train,quarter,1991,2923,71742.58877865208,55000.0,70919.12879613091,51601.90490060804,-823.4599825211602,9140.416296593656,1.0
train,quarter,1991,2701,72851.87671232877,57000.0,73098.718532529,53362.78017189433,246.84182020024232,9371.108719066253,2.0
train,quarter,1991,3616,76079.86061946902,59000.0,76416.63816614656,57994.46295869532,336.77754667751753,10330.265072691827,3.0
train,quarter,1991,3615,73140.94827109267,55000.0,73655.88664490607,54002.36199833249,514.9383738134012,10090.30321329162,4.0
train,quarter,1992,3269,77189.96573875802,58000.0,73968.1683523892,54059.25735005333,-3221.7973863688335,11509.240050371858,1.0
train,quarter,1992,3266,83121.03184323332,63100.0,79176.15231544644,61449.2373085445,-3944.8795277868744,13531.967072242876,2.0
train,quarter,1992,3944,87272.51622718053,65800.0,83652.01918748593,65037.72159182458,-3620.497039694604,14583.98486923659,3.0
train,quarter,1992,4024,88381.27335984095,68000.0,84873.33772228453,65107.490927758474,-3507.9356375564275,15301.83406425204,4.0
train,quarter,1993,3393,90324.94842322428,69500.0,102221.18890144331,72268.5979289149,11896.24047821903,19202.147120991438,1.0
train,quarter,1993,3427,114416.02188503064,90000.0,124223.16696479518,102316.12877092806,9807.145079764536,19194.216217301553,2.0
train,quarter,1993,4659,143175.5265078343,120000.0,144424.13832233532,122192.50117721067,1248.6118145010216,17189.20698981217,3.0
train,quarter,1993,6637,156744.5556727437,135000.0,151186.24737543619,127961.08479885897,-5558.3082973075225,16051.26971217526,4.0
train,quarter,1994,8000,161214.881125,140000.0,160273.61274372824,129117.90448959591,-941.2683812717416,14656.772499264964,1.0
train,quarter,1994,6488,170695.20530209618,150000.0,167958.01382434624,139024.69528302684,-2737.1914777499323,15334.276550238972,2.0
train,quarter,1994,6040,178431.8488410596,160000.0,177922.52767751328,152536.27107534176,-509.321163546326,16448.878624781442,3.0
train,quarter,1994,5845,184358.76047904193,165000.0,187992.39102042865,170177.18259174275,3633.630541386741,17560.067874400844,4.0
train,quarter,1995,5417,185928.78013660698,166000.0,192469.14423811738,170572.12245918787,6540.364101510408,17668.178437984236,1.0
train,quarter,1995,5232,201781.36792813457,182500.0,204077.21050627274,182792.187877729,2295.8425781381698,14137.378261850583,2.0
train,quarter,1995,7361,217160.22986007336,198000.0,218628.2303069136,195774.2938266935,1468.0004468402406,13741.812416614004,3.0
train,quarter,1995,9279,229247.4732190969,210000.0,227733.596013892,206490.67027074206,-1513.8772052048762,14311.261310709651,4.0
train,quarter,1996,8578,249103.81942177663,227000.0,254197.61456315237,243372.44381793594,5093.795141375753,17128.553493107167,1.0
train,quarter,1996,8258,271808.8499636716,240000.0,269003.428581195,246957.78149110737,-2805.421382476577,19591.0331727301,2.0
train,quarter,1996,8986,294902.20609837526,268000.0,286895.8732264701,270410.33554115245,-8006.332871905146,21301.302810432684,3.0
train,quarter,1996,9097,299094.061998461,270000.0,292952.3979701766,272022.7692209078,-6141.6640282844755,17832.767630591734,4.0
train,quarter,1997,7380,309246.6310298103,295000.0,301790.0885871468,290553.8845294458,-7456.5424426635245,17262.39603781586,1.0
train,quarter,1997,8896,318287.45301258995,302000.0,312620.7530729227,305314.61849278706,-5666.699939667237,15868.11329556891,2.0
train,quarter,1997,7861,311134.0480854853,292000.0,309631.02837699605,301360.9647740544,-1503.0197084892388,15981.672652059462,3.0
train,quarter,1997,7622,292444.9971136185,273000.0,293811.9720383251,280533.39717878733,1366.9749247066416,15067.881863835382,4.0
train,quarter,1998,10117,274910.75447266974,260000.0,269889.10659413,252994.1012895996,-5021.647878539744,14072.195815402567,1.0
train,quarter,1998,11687,264067.2262342774,248000.0,264483.1136550049,247205.4656143007,415.8874207274734,11658.252523225692,2.0
train,quarter,1998,13601,255615.75465039336,239500.0,255522.6548078619,236176.3166986548,-93.099842531469,10796.911139227675,3.0
train,quarter,1998,15690,243464.21077119184,228000.0,245107.3698173548,226643.71818548552,1643.1590461629753,10547.798603639498,4.0
train,quarter,1999,16101,239237.12371902366,225000.0,240710.25131927658,223240.0031623084,1473.1276002529178,10426.863385271245,1.0
train,quarter,1999,17230,247980.17504352872,232000.0,252540.3433922698,231930.24562734054,4560.168348741059,11423.556535371636,2.0
train,quarter,1999,14498,261667.5646985791,245000.0,260483.59919473875,240566.76420528226,-1183.9655038403528,13913.295138109333,3.0
train,quarter,1999,9953,267280.7450015071,252000.0,262386.82551329664,246446.27404012583,-4893.91948821047,14686.820516325017,4.0
train,quarter,2000,7166,269208.9540552609,253000.0,264591.45810177905,249073.3695683349,-4617.495953481894,13696.076375964643,1.0
train,quarter,2000,9061,262483.32159805764,244800.0,257984.2194285869,241986.95740581353,-4499.102169470704,13052.610789560382,2.0
train,quarter,2000,9242,253620.66701146937,235000.0,250744.247248693,233956.65059904684,-2876.4197627763765,12225.831632247955,3.0
train,quarter,2000,9393,249643.61567124454,230000.0,247504.71938922096,229116.63544211522,-2138.896282023607,11678.880504640274,4.0
train,quarter,2001,8822,247589.8590036273,229000.0,242530.20309090443,225573.94200087816,-5059.655912722853,12269.521850640338,1.0
train,quarter,2001,9527,245477.67425632413,226000.0,244453.60482139714,226638.1167844694,-1024.0694349269982,10964.23500482582,2.0
train,quarter,2001,9862,244513.18521192455,227000.0,246184.49829578574,227280.62123019146,1671.3130838611598,11036.180891135662,3.0
train,quarter,2001,9844,236788.2012149533,218000.0,239543.17076692547,220937.5586159926,2754.969551972201,11159.883636202301,4.0
train,quarter,2002,9133,235639.1455162597,215000.0,236577.2108055363,220247.9572296358,938.065289276582,11356.610280715782,1.0
train,quarter,2002,9434,238985.05226203095,220000.0,240003.88515541132,225585.16736556677,1018.83289338039,11864.249142667253,2.0
train,quarter,2002,8860,234040.9730248307,215000.0,234773.61669966346,220586.3416687323,732.6436748327467,11783.80823652479,3.0
train,quarter,2002,8671,230280.06446661285,212000.0,229716.63876070155,216968.74491448727,-563.4257059112887,11932.45290254131,4.0
train,quarter,2003,6833,229687.96472998682,211000.0,232624.91811382966,216554.57530008984,2936.953383842798,12481.003708100596,1.0
train,quarter,2003,6594,228623.8851804671,213000.0,228195.11288302447,215155.9933586456,-428.7722974426262,13404.593231171508,2.0
train,quarter,2003,6891,233420.43651139166,220000.0,232090.01114977,218103.03125060332,-1330.4253616216865,14253.34498552943,3.0
train,quarter,2003,8685,233061.28574208406,220000.0,229881.77769865523,217945.57469218233,-3179.5080434288348,15400.250080750617,4.0
train,quarter,2004,8191,233128.1613575876,221000.0,228414.52742150487,218038.4058432541,-4713.633936082715,16067.927749008004,1.0
train,quarter,2004,6544,238448.0211858191,225000.0,232889.61524992585,221549.56565161288,-5558.405935893216,17251.65574843238,2.0
train,quarter,2004,6941,232836.7017259761,220000.0,229127.50363123248,218032.87273989498,-3709.1980947436255,18387.71444116258,3.0
train,quarter,2004,7436,236709.87439483593,225000.0,233698.3422824393,221679.5009565936,-3011.5321123966505,19497.720770203403,4.0
train,quarter,2005,8047,236374.30383994034,225000.0,228681.4654919086,219358.5380256634,-7692.838348031753,20772.6783967435,1.0
train,quarter,2005,7375,234279.44766372882,225000.0,234409.72281321627,223727.43200322246,130.27514948745628,16343.142235834328,2.0
train,quarter,2005,7446,230689.2366210046,222000.0,235272.13395189753,224668.6654753181,4582.897330892947,13391.59583596243,3.0
train,quarter,2005,7177,235176.76701685943,228000.0,240341.42453839077,228834.7312333869,5164.657521531351,13018.478277259994,4.0
train,quarter,2006,6685,234806.79252056844,226000.0,237211.71559315364,225355.35836683773,2404.923072585191,13059.64326708533,1.0
train,quarter,2006,7045,236882.97333711854,228000.0,238915.65051370655,226737.29833433373,2032.6771765880226,13587.069820804518,2.0
train,quarter,2006,7270,235768.32475928473,228000.0,238027.36295614502,225887.45233582705,2259.03819686028,13465.608014563071,3.0
train,quarter,2006,6427,236874.5251268088,227000.0,236974.50076639804,224241.31208737372,99.97563958926774,13139.106665472817,4.0
train,quarter,2007,6586,247018.52566049196,236000.0,249148.3901372189,232475.76736559445,2129.864476726957,14536.140376838463,1.0
train,quarter,2007,6454,251066.46373256895,240000.0,250355.53939980073,235069.7549411616,-710.9243327681874,14797.52288577431,2.0
train,quarter,2007,7248,266717.6630794702,256000.0,263323.19921199564,250343.2276913914,-3394.463867474524,18352.871256689836,3.0
train,quarter,2007,6694,283288.1483208844,268000.0,273477.7667040084,257157.43099628494,-9810.38161687599,22546.833489656507,4.0
train,quarter,2008,6458,298374.116289873,283000.0,306751.7958020641,293689.41410934983,8377.67951219108,22905.98931452726,1.0
train,quarter,2008,6789,311687.9170717337,298000.0,310223.39488731656,297614.4264860057,-1464.5221844171363,20581.069506613156,2.0
train,quarter,2008,7147,325071.4915181195,315000.0,322225.7131266915,313153.0923670677,-2845.778391427942,19699.374470370185,3.0
train,quarter,2008,6868,331928.7261211415,322000.0,329368.31672974554,319834.05758412066,-2560.40939139595,18666.283731855823,4.0
train,quarter,2009,6303,319585.1609487546,311000.0,316344.4967346946,309145.57205468946,-3240.6642140599674,17526.774873843475,1.0
train,quarter,2009,6961,326751.46710673755,318000.0,326162.0867460222,318360.59026392834,-589.3803607153307,16934.630147764954,2.0
train,quarter,2009,8138,341122.7922880314,332000.0,345368.14790776995,338619.5807837491,4245.3556197385205,17843.224298081677,3.0
train,quarter,2009,9080,356316.5049559471,348000.0,357227.45501484966,352514.42405135225,910.950058902539,19004.71432669304,4.0
train,quarter,2010,8507,359691.08722228755,348000.0,368816.83998926665,361141.63475438545,9125.752766979134,20854.08462830134,1.0
train,quarter,2010,9365,372195.1934479445,360000.0,373753.14721971337,366012.862930978,1557.9537717689202,19781.558194900354,2.0
train,quarter,2010,9979,390101.09947289305,375000.0,386759.6898859545,380131.43319950777,-3341.4095869385505,20629.386868150767,3.0
train,quarter,2010,7003,400412.7240839641,385000.0,394684.0720632639,387138.46223004983,-5728.652020700111,20716.86005539732,4.0
train,quarter,2011,5869,406882.2191616971,393000.0,412073.5434435817,403069.5393827392,5191.324281884595,19885.332654888538,1.0
train,quarter,2011,5964,418449.04734238767,403000.0,417544.15247377905,409214.7406027254,-904.8948686086463,19836.430562483805,2.0
train,quarter,2011,5516,433877.9878317622,418000.0,431879.067692187,421628.1208766465,-1998.9201395752063,19732.224774551978,3.0
train,quarter,2011,4932,446279.4274128143,430000.0,445473.25675905263,436986.7554630382,-806.1706537616174,20677.823282636557,4.0
train,quarter,2012,5548,449109.7971809662,433000.0,451377.43994824844,440457.0130267598,2267.642767282374,19839.45570497417,1.0
train,quarter,2012,6471,457292.41614588164,440000.0,457751.2004326713,446953.11992627906,458.784286789704,19974.864019276254,2.0
train,quarter,2012,6014,465804.0840771533,450000.0,461601.3656629165,451668.3061474336,-4202.718414236823,20052.878655576158,3.0
train,quarter,2012,5165,475035.51052855764,457000.0,465810.1077948458,456221.0801342804,-9225.402733711737,22393.955621028403,4.0
train,quarter,2013,3825,476568.42980392155,456000.0,464885.7078078303,452468.32796699216,-11682.721996091284,22521.716835702937,1.0
train,quarter,2013,4614,483031.6376246207,465000.0,469409.16361555434,457442.23461034556,-13622.474009066336,24279.071092793765,2.0
train,quarter,2013,4050,477366.8018345679,455000.0,467124.69927133765,454047.1403491454,-10242.102563230233,22251.847259732258,3.0
train,quarter,2013,3608,466838.4526053215,445000.0,463913.023635656,449891.1621010402,-2925.4289696655587,21580.468454382517,4.0
train,quarter,2014,3501,450012.59516709513,430000.0,444323.44076355407,426886.398888278,-5689.154403541067,21475.232325674733,1.0
train,quarter,2014,4227,447840.8036148569,423000.0,446618.00552982563,428204.2125705278,-1222.7980850312244,21568.163541636688,2.0
train,quarter,2014,4153,439595.245095112,415000.0,440847.788461968,419393.1736282895,1252.543366856053,22205.076333523954,3.0
train,quarter,2014,4215,434591.05951838667,410000.0,437938.97691233014,420457.7193386346,3347.917393943404,23297.547057773092,4.0
train,quarter,2015,3749,435924.0410456122,408000.0,434469.6949622027,410122.99057441653,-1454.3460834094722,23692.69419527867,1.0
train,quarter,2015,4903,433797.6502141546,405000.0,434172.08363506926,410643.78715248726,374.4334209146504,23407.145988951957,2.0
train,quarter,2015,4498,434201.00108492665,405000.0,434104.30918094824,409041.940791178,-96.69190397838717,23111.860330144144,3.0
train,quarter,2015,4630,435185.9025399568,405944.0,432479.20546766376,410678.5208584678,-2706.69707229304,23944.091827047036,4.0
train,quarter,2016,4135,436568.8607013301,408000.0,434522.5747923824,411643.2949723329,-2046.2859089476426,23829.38375960531,1.0
train,quarter,2016,5480,439309.8977883212,410000.0,437935.59048097394,414909.95364310034,-1374.3073073472406,23423.84097754847,2.0
train,quarter,2016,5122,440510.0068332683,410000.0,438519.9888053684,413919.97786055657,-1990.0180278997937,24175.784444053337,3.0
train,quarter,2016,4636,438460.8555910267,410000.0,434119.1437425999,411801.8706566076,-4341.7118484268785,24682.65172283864,4.0
train,quarter,2017,4173,440669.8533141625,410000.0,437666.78388992575,413496.4565965344,-3003.0694242367485,24602.89244163007,1.0
train,quarter,2017,5566,443563.626417535,410000.0,441342.8129418369,413767.1564096827,-2220.81347569815,25097.961652140224,2.0
train,quarter,2017,5420,445364.3095940959,412000.0,444936.30598941137,419478.3103608135,-428.0036046845833,25550.686776691593,3.0
train,quarter,2017,5350,445241.9939962617,413000.0,444149.16890655743,419633.2166743563,-1092.8250897042428,26206.22148908404,4.0
train,quarter,2018,4136,450316.96349129593,415000.0,447930.1742677707,418553.14606693346,-2386.789223525241,27132.413007131778,1.0
train,quarter,2018,5553,446455.09940572665,410000.0,444295.4003878679,414352.0377049706,-2159.699017858762,26872.115433197643,2.0
train,quarter,2018,6591,440501.5625109999,408000.0,440272.2367151626,414052.2036608153,-229.32579583727565,26771.833249807725,3.0
train,quarter,2018,5281,429740.70232910436,397000.0,428616.49100212444,404421.9104073805,-1124.2113269798713,25956.329994415828,4.0
train,quarter,2019,4507,430809.2522742401,396000.0,430366.0949917691,403236.1861720014,-443.1572824709484,26006.675809760494,1.0
train,quarter,2019,5869,432379.38882262737,400000.0,433009.4431807948,406895.17407543014,630.0543581674717,26165.489777833587,2.0
train,quarter,2019,5846,433151.8590078687,405000.0,435525.0815442695,411120.6718867827,2373.2225364008327,25722.33707596593,3.0
train,quarter,2019,5964,431910.46862508386,405000.0,432573.3171461057,412189.0189536893,662.848521021904,25527.803488579964,4.0
train,quarter,2020,5509,434483.57088400796,408000.0,434223.1661067599,410905.34414898977,-260.4047772480537,24780.49675722078,1.0
train,quarter,2020,3225,434848.3118635659,410000.0,436873.76823869237,414246.27002788754,2025.4563751265146,25118.03936744407,2.0
train,quarter,2020,7364,448287.6325040739,422000.0,447543.422609583,424508.8194904352,-744.2098944908562,24691.276741277325,3.0
train,quarter,2020,7235,477662.60760193504,450000.0,472257.71019704186,446816.1744435017,-5404.897404893128,26549.874582159755,4.0
train,quarter,2021,7094,490742.1337411898,460000.0,495152.8638194327,473936.02519170515,4410.730078242922,27512.394266663025,1.0
train,quarter,2021,6592,508223.32524271845,480000.0,505181.3920417099,482056.580486304,-3041.933201008585,26435.055314251793,2.0
train,quarter,2021,7914,516051.5471556735,488000.0,511578.05690949457,491382.2980182978,-4473.490246178893,25838.768159441493,3.0
train,quarter,2021,7487,528780.7263096033,500000.0,520392.52060450753,503146.64634856436,-8388.2057050958,26727.661667802397,4.0
train,quarter,2022,6599,532277.6652144265,505000.0,529556.4296084669,512020.6914572589,-2721.2356059595645,26556.53092048824,1.0
train,quarter,2022,6551,549389.3195603725,520000.0,542029.6243708745,522192.4958436894,-7359.695189497984,26469.125144054135,2.0
train,quarter,2022,7248,558258.8178642384,530000.0,548879.9648503675,533438.7975106763,-9378.853013870865,28262.993867811325,3.0
train,quarter,2022,6322,558455.7512875672,535044.0,549731.5035195714,538978.7884205647,-8724.247767995894,28601.98566137469,4.0
validation,year,2023,25754,571806.0079770132,550000.0,532374.9599435771,519832.6945115696,-39431.048033436266,44032.079889244356,
validation,year,2024,27832,612596.9405468525,590000.0,533145.5508291095,519545.68579387804,-79451.38971774302,80164.94258799266,
validation,quarter,2023,6665,559704.2305176294,539000.0,516418.5939031454,503496.29999786866,-43285.63661448396,46258.98450898947,1.0
validation,quarter,2023,6275,572783.8154007968,550000.0,529631.5041443543,516577.55019145843,-43152.311256442605,46370.78519255189,2.0
validation,quarter,2023,6493,576785.813281996,555000.0,537917.730937775,525181.86557352,-38868.08234422093,43775.66720397516,3.0
validation,quarter,2023,6321,578480.383762063,560000.0,546229.5957186556,535690.5269890375,-32250.788043407385,39625.68730841806,4.0
validation,quarter,2024,6790,591249.0064447718,570000.0,518372.03569723165,507358.0159474035,-72876.97074754008,73679.92833537929,1.0
validation,quarter,2024,7031,603656.9030009956,580000.0,526438.6854587232,512421.94954410073,-77218.21754227238,77948.02117726849,2.0
validation,quarter,2024,7831,621814.0391750734,600000.0,539892.6291136201,526678.6725581082,-81921.41006145334,82679.56758806674,3.0
validation,quarter,2024,6180,634543.6682459547,615000.0,548458.1346670763,536724.03428298,-86085.53357887839,86625.84757803575,4.0
